{"cameraMode":{"drawMode":0,"name":"Shaded","section":"Shading Mode"},"sceneLighting":false,"audioPlay":false,"sceneViewState":{"showFog":true,"showMaterialUpdate":false,"showSkybox":false,"showFlares":true,"showImageEffects":true,"showParticleSystems":true,"showVisualEffectGraphs":true,"m_FxEnabled":true},"in2DMode":false,"pivot":{"x":65.77999877929688,"y":1.4500000476837159,"z":-15.970000267028809},"rotation":{"x":0.18484696745872498,"y":0.053537867963314059,"z":-0.010484576225280762,"w":0.9807780385017395},"size":1.7320513725280762,"orthographic":false}