{"cameraMode":{"drawMode":0,"name":"Shaded","section":"Shading Mode"},"sceneLighting":false,"audioPlay":false,"sceneViewState":{"showFog":true,"showMaterialUpdate":false,"showSkybox":false,"showFlares":true,"showImageEffects":true,"showParticleSystems":true,"showVisualEffectGraphs":true,"m_FxEnabled":true},"in2DMode":false,"pivot":{"x":0.000003933906555175781,"y":1.3059865236282349,"z":-2.9339993000030519},"rotation":{"x":0.49341416358947756,"y":0.005269781220704317,"z":-0.004109359346330166,"w":0.8692154884338379},"size":1.9143668413162232,"orthographic":false}