{"cameraMode":{"drawMode":0,"name":"Shaded","section":"Shading Mode"},"sceneLighting":false,"audioPlay":false,"sceneViewState":{"showFog":true,"showMaterialUpdate":false,"showSkybox":false,"showFlares":true,"showImageEffects":true,"showParticleSystems":true,"showVisualEffectGraphs":true,"m_FxEnabled":true},"in2DMode":false,"pivot":{"x":-5.5677876472473148,"y":2.454564332962036,"z":-0.4146735668182373},"rotation":{"x":0.12994687259197236,"y":0.8668182492256165,"z":-0.29548826813697817,"w":0.37909987568855288},"size":2.1733405590057375,"orthographic":false}