{"cameraMode":{"drawMode":0,"name":"Shaded","section":"Shading Mode"},"sceneLighting":false,"audioPlay":false,"sceneViewState":{"showFog":true,"showMaterialUpdate":false,"showSkybox":false,"showFlares":true,"showImageEffects":true,"showParticleSystems":true,"showVisualEffectGraphs":true,"m_FxEnabled":true},"in2DMode":false,"pivot":{"x":384.3455810546875,"y":251.5426483154297,"z":21.074005126953126},"rotation":{"x":-0.1288558840751648,"y":0.005958546884357929,"z":0.004090955480933189,"w":-0.9907797574996948},"size":220.88970947265626,"orthographic":false}