{"cameraMode":{"drawMode":0,"name":"Shaded","section":"Shading Mode"},"sceneLighting":false,"audioPlay":false,"sceneViewState":{"showFog":true,"showMaterialUpdate":false,"showSkybox":false,"showFlares":true,"showImageEffects":true,"showParticleSystems":true,"showVisualEffectGraphs":true,"m_FxEnabled":true},"in2DMode":false,"pivot":{"x":-2.6449999809265138,"y":0.9800000190734863,"z":8.02750015258789},"rotation":{"x":0.3453295826911926,"y":-0.010628546588122845,"z":0.0022027911618351938,"w":0.9378193616867065},"size":0.5282576680183411,"orthographic":false}